{"Version":1,"ManifestType":"Publish","Endpoints":[{"Route":"TriPowersLLC.e07slplbm7.styles.css","AssetFile":"TriPowersLLC.styles.css","Selectors":[],"ResponseHeaders":[{"Name":"Accept-Ranges","Value":"bytes"},{"Name":"Cache-Control","Value":"max-age=31536000, immutable"},{"Name":"Content-Length","Value":"1130"},{"Name":"Content-Type","Value":"text/css"},{"Name":"ETag","Value":"\"fltDWgmtpsM5KUzmXzvt1CpeGUjGK1PHewv36kZCrUU=\""},{"Name":"Last-Modified","Value":"Mon, 22 Sep 2025 19:16:41 GMT"}],"EndpointProperties":[{"Name":"fingerprint","Value":"e07slplbm7"},{"Name":"integrity","Value":"sha256-fltDWgmtpsM5KUzmXzvt1CpeGUjGK1PHewv36kZCrUU="},{"Name":"label","Value":"TriPowersLLC.styles.css"}]},{"Route":"TriPowersLLC.styles.css","AssetFile":"TriPowersLLC.styles.css","Selectors":[],"ResponseHeaders":[{"Name":"Accept-Ranges","Value":"bytes"},{"Name":"Cache-Control","Value":"no-cache"},{"Name":"Content-Length","Value":"1130"},{"Name":"Content-Type","Value":"text/css"},{"Name":"ETag","Value":"\"fltDWgmtpsM5KUzmXzvt1CpeGUjGK1PHewv36kZCrUU=\""},{"Name":"Last-Modified","Value":"Mon, 22 Sep 2025 19:16:41 GMT"}],"EndpointProperties":[{"Name":"integrity","Value":"sha256-fltDWgmtpsM5KUzmXzvt1CpeGUjGK1PHewv36kZCrUU="}]},{"Route":"css/site.c2tiyv64ts.css","AssetFile":"css/site.css","Selectors":[],"ResponseHeaders":[{"Name":"Accept-Ranges","Value":"bytes"},{"Name":"Cache-Control","Value":"max-age=31536000, immutable"},{"Name":"Content-Length","Value":"362"},{"Name":"Content-Type","Value":"text/css"},{"Name":"ETag","Value":"\"pAGv4ietcJNk/EwsQZ5BN9+K4MuNYS2a9wl4Jw+q9D0=\""},{"Name":"Last-Modified","Value":"Fri, 11 Jul 2025 17:02:46 GMT"}],"EndpointProperties":[{"Name":"fingerprint","Value":"c2tiyv64ts"},{"Name":"integrity","Value":"sha256-pAGv4ietcJNk/EwsQZ5BN9+K4MuNYS2a9wl4Jw+q9D0="},{"Name":"label","Value":"css/site.css"}]},{"Route":"css/site.css","AssetFile":"css/site.css","Selectors":[],"ResponseHeaders":[{"Name":"Accept-Ranges","Value":"bytes"},{"Name":"Cache-Control","Value":"no-cache"},{"Name":"Content-Length","Value":"362"},{"Name":"Content-Type","Value":"text/css"},{"Name":"ETag","Value":"\"pAGv4ietcJNk/EwsQZ5BN9+K4MuNYS2a9wl4Jw+q9D0=\""},{"Name":"Last-Modified","Value":"Fri, 11 Jul 2025 17:02:46 GMT"}],"EndpointProperties":[{"Name":"integrity","Value":"sha256-pAGv4ietcJNk/EwsQZ5BN9+K4MuNYS2a9wl4Jw+q9D0="}]},{"Route":"favicon.61n19gt1b8.ico","AssetFile":"favicon.ico","Selectors":[],"ResponseHeaders":[{"Name":"Accept-Ranges","Value":"bytes"},{"Name":"Cache-Control","Value":"max-age=31536000, immutable"},{"Name":"Content-Length","Value":"5430"},{"Name":"Content-Type","Value":"image/x-icon"},{"Name":"ETag","Value":"\"Jtxf9L+5ITKRc1gIRl4VbUpGkRNfOBXjYTdhJD4facM=\""},{"Name":"Last-Modified","Value":"Fri, 11 Jul 2025 17:02:46 GMT"}],"EndpointProperties":[{"Name":"fingerprint","Value":"61n19gt1b8"},{"Name":"integrity","Value":"sha256-Jtxf9L+5ITKRc1gIRl4VbUpGkRNfOBXjYTdhJD4facM="},{"Name":"label","Value":"favicon.ico"}]},{"Route":"favicon.ico","AssetFile":"favicon.ico","Selectors":[],"ResponseHeaders":[{"Name":"Accept-Ranges","Value":"bytes"},{"Name":"Cache-Control","Value":"no-cache"},{"Name":"Content-Length","Value":"5430"},{"Name":"Content-Type","Value":"image/x-icon"},{"Name":"ETag","Value":"\"Jtxf9L+5ITKRc1gIRl4VbUpGkRNfOBXjYTdhJD4facM=\""},{"Name":"Last-Modified","Value":"Fri, 11 Jul 2025 17:02:46 GMT"}],"EndpointProperties":[{"Name":"integrity","Value":"sha256-Jtxf9L+5ITKRc1gIRl4VbUpGkRNfOBXjYTdhJD4facM="}]},{"Route":"js/site.js","AssetFile":"js/site.js","Selectors":[],"ResponseHeaders":[{"Name":"Accept-Ranges","Value":"bytes"},{"Name":"Cache-Control","Value":"no-cache"},{"Name":"Content-Length","Value":"231"},{"Name":"Content-Type","Value":"text/javascript"},{"Name":"ETag","Value":"\"hRQyftXiu1lLX2P9Ly9xa4gHJgLeR1uGN5qegUobtGo=\""},{"Name":"Last-Modified","Value":"Fri, 11 Jul 2025 17:02:46 GMT"}],"EndpointProperties":[{"Name":"integrity","Value":"sha256-hRQyftXiu1lLX2P9Ly9xa4gHJgLeR1uGN5qegUobtGo="}]},{"Route":"js/site.xtxxf3hu2r.js","AssetFile":"js/site.js","Selectors":[],"ResponseHeaders":[{"Name":"Accept-Ranges","Value":"bytes"},{"Name":"Cache-Control","Value":"max-age=31536000, immutable"},{"Name":"Content-Length","Value":"231"},{"Name":"Content-Type","Value":"text/javascript"},{"Name":"ETag","Value":"\"hRQyftXiu1lLX2P9Ly9xa4gHJgLeR1uGN5qegUobtGo=\""},{"Name":"Last-Modified","Value":"Fri, 11 Jul 2025 17:02:46 GMT"}],"EndpointProperties":[{"Name":"fingerprint","Value":"xtxxf3hu2r"},{"Name":"integrity","Value":"sha256-hRQyftXiu1lLX2P9Ly9xa4gHJgLeR1uGN5qegUobtGo="},{"Name":"label","Value":"js/site.js"}]},{"Route":"lib/bootstrap/LICENSE","AssetFile":"lib/bootstrap/LICENSE","Selectors":[],"ResponseHeaders":[{"Name":"Accept-Ranges","Value":"bytes"},{"Name":"Cache-Control","Value":"no-cache"},{"Name":"Content-Length","Value":"1153"},{"Name":"Content-Type","Value":"application/octet-stream"},{"Name":"ETag","Value":"\"ZH6pA6BSx6fuHZvdaKph1DwUJ+VSYilIiEQu8ilnvqk=\""},{"Name":"Last-Modified","Value":"Fri, 11 Jul 2025 17:02:46 GMT"}],"EndpointProperties":[{"Name":"integrity","Value":"sha256-ZH6pA6BSx6fuHZvdaKph1DwUJ+VSYilIiEQu8ilnvqk="}]},{"Route":"lib/bootstrap/LICENSE.81b7ukuj9c","AssetFile":"lib/bootstrap/LICENSE","Selectors":[],"ResponseHeaders":[{"Name":"Accept-Ranges","Value":"bytes"},{"Name":"Cache-Control","Value":"max-age=31536000, immutable"},{"Name":"Content-Length","Value":"1153"},{"Name":"Content-Type","Value":"application/octet-stream"},{"Name":"ETag","Value":"\"ZH6pA6BSx6fuHZvdaKph1DwUJ+VSYilIiEQu8ilnvqk=\""},{"Name":"Last-Modified","Value":"Fri, 11 Jul 2025 17:02:46 GMT"}],"EndpointProperties":[{"Name":"fingerprint","Value":"81b7ukuj9c"},{"Name":"integrity","Value":"sha256-ZH6pA6BSx6fuHZvdaKph1DwUJ+VSYilIiEQu8ilnvqk="},{"Name":"label","Value":"lib/bootstrap/LICENSE"}]},{"Route":"lib/jquery-validation-unobtrusive/LICENSE.356vix0kms.txt","AssetFile":"lib/jquery-validation-unobtrusive/LICENSE.txt","Selectors":[],"ResponseHeaders":[{"Name":"Accept-Ranges","Value":"bytes"},{"Name":"Cache-Control","Value":"max-age=31536000, immutable"},{"Name":"Content-Length","Value":"1139"},{"Name":"Content-Type","Value":"text/plain"},{"Name":"ETag","Value":"\"16aFlqtpsG9RyieKZUUUjkJpqTgcJtWXwT312I4Iz1s=\""},{"Name":"Last-Modified","Value":"Fri, 11 Jul 2025 17:02:46 GMT"}],"EndpointProperties":[{"Name":"fingerprint","Value":"356vix0kms"},{"Name":"integrity","Value":"sha256-16aFlqtpsG9RyieKZUUUjkJpqTgcJtWXwT312I4Iz1s="},{"Name":"label","Value":"lib/jquery-validation-unobtrusive/LICENSE.txt"}]},{"Route":"lib/jquery-validation-unobtrusive/LICENSE.txt","AssetFile":"lib/jquery-validation-unobtrusive/LICENSE.txt","Selectors":[],"ResponseHeaders":[{"Name":"Accept-Ranges","Value":"bytes"},{"Name":"Cache-Control","Value":"no-cache"},{"Name":"Content-Length","Value":"1139"},{"Name":"Content-Type","Value":"text/plain"},{"Name":"ETag","Value":"\"16aFlqtpsG9RyieKZUUUjkJpqTgcJtWXwT312I4Iz1s=\""},{"Name":"Last-Modified","Value":"Fri, 11 Jul 2025 17:02:46 GMT"}],"EndpointProperties":[{"Name":"integrity","Value":"sha256-16aFlqtpsG9RyieKZUUUjkJpqTgcJtWXwT312I4Iz1s="}]},{"Route":"lib/jquery-validation-unobtrusive/jquery.validate.unobtrusive.03hjc8e09r.js","AssetFile":"lib/jquery-validation-unobtrusive/jquery.validate.unobtrusive.js","Selectors":[],"ResponseHeaders":[{"Name":"Accept-Ranges","Value":"bytes"},{"Name":"Cache-Control","Value":"max-age=31536000, immutable"},{"Name":"Content-Length","Value":"19820"},{"Name":"Content-Type","Value":"text/javascript"},{"Name":"ETag","Value":"\"xJbBMLGhYbXlPrrrddrSVmduyF6KEtbxEsYxw7hYZV4=\""},{"Name":"Last-Modified","Value":"Fri, 11 Jul 2025 17:02:46 GMT"}],"EndpointProperties":[{"Name":"fingerprint","Value":"03hjc8e09r"},{"Name":"integrity","Value":"sha256-xJbBMLGhYbXlPrrrddrSVmduyF6KEtbxEsYxw7hYZV4="},{"Name":"label","Value":"lib/jquery-validation-unobtrusive/jquery.validate.unobtrusive.js"}]},{"Route":"lib/jquery-validation-unobtrusive/jquery.validate.unobtrusive.js","AssetFile":"lib/jquery-validation-unobtrusive/jquery.validate.unobtrusive.js","Selectors":[],"ResponseHeaders":[{"Name":"Accept-Ranges","Value":"bytes"},{"Name":"Cache-Control","Value":"no-cache"},{"Name":"Content-Length","Value":"19820"},{"Name":"Content-Type","Value":"text/javascript"},{"Name":"ETag","Value":"\"xJbBMLGhYbXlPrrrddrSVmduyF6KEtbxEsYxw7hYZV4=\""},{"Name":"Last-Modified","Value":"Fri, 11 Jul 2025 17:02:46 GMT"}],"EndpointProperties":[{"Name":"integrity","Value":"sha256-xJbBMLGhYbXlPrrrddrSVmduyF6KEtbxEsYxw7hYZV4="}]},{"Route":"lib/jquery-validation-unobtrusive/jquery.validate.unobtrusive.min.48y08845bh.js","AssetFile":"lib/jquery-validation-unobtrusive/jquery.validate.unobtrusive.min.js","Selectors":[],"ResponseHeaders":[{"Name":"Accept-Ranges","Value":"bytes"},{"Name":"Cache-Control","Value":"max-age=31536000, immutable"},{"Name":"Content-Length","Value":"5831"},{"Name":"Content-Type","Value":"text/javascript"},{"Name":"ETag","Value":"\"RFWFWIIPsjB4DucR4jqwxTWw13ZmtI+s6tVR2LJmZXk=\""},{"Name":"Last-Modified","Value":"Fri, 11 Jul 2025 17:02:46 GMT"}],"EndpointProperties":[{"Name":"fingerprint","Value":"48y08845bh"},{"Name":"integrity","Value":"sha256-RFWFWIIPsjB4DucR4jqwxTWw13ZmtI+s6tVR2LJmZXk="},{"Name":"label","Value":"lib/jquery-validation-unobtrusive/jquery.validate.unobtrusive.min.js"}]},{"Route":"lib/jquery-validation-unobtrusive/jquery.validate.unobtrusive.min.js","AssetFile":"lib/jquery-validation-unobtrusive/jquery.validate.unobtrusive.min.js","Selectors":[],"ResponseHeaders":[{"Name":"Accept-Ranges","Value":"bytes"},{"Name":"Cache-Control","Value":"no-cache"},{"Name":"Content-Length","Value":"5831"},{"Name":"Content-Type","Value":"text/javascript"},{"Name":"ETag","Value":"\"RFWFWIIPsjB4DucR4jqwxTWw13ZmtI+s6tVR2LJmZXk=\""},{"Name":"Last-Modified","Value":"Fri, 11 Jul 2025 17:02:46 GMT"}],"EndpointProperties":[{"Name":"integrity","Value":"sha256-RFWFWIIPsjB4DucR4jqwxTWw13ZmtI+s6tVR2LJmZXk="}]},{"Route":"lib/jquery-validation/LICENSE.md","AssetFile":"lib/jquery-validation/LICENSE.md","Selectors":[],"ResponseHeaders":[{"Name":"Accept-Ranges","Value":"bytes"},{"Name":"Cache-Control","Value":"no-cache"},{"Name":"Content-Length","Value":"1117"},{"Name":"Content-Type","Value":"text/markdown"},{"Name":"ETag","Value":"\"geHEkw/WGPdaHQMRq5HuNY9snliNzU/y2OW8ycnhGXw=\""},{"Name":"Last-Modified","Value":"Fri, 11 Jul 2025 17:02:46 GMT"}],"EndpointProperties":[{"Name":"integrity","Value":"sha256-geHEkw/WGPdaHQMRq5HuNY9snliNzU/y2OW8ycnhGXw="}]},{"Route":"lib/jquery-validation/LICENSE.x0q3zqp4vz.md","AssetFile":"lib/jquery-validation/LICENSE.md","Selectors":[],"ResponseHeaders":[{"Name":"Accept-Ranges","Value":"bytes"},{"Name":"Cache-Control","Value":"max-age=31536000, immutable"},{"Name":"Content-Length","Value":"1117"},{"Name":"Content-Type","Value":"text/markdown"},{"Name":"ETag","Value":"\"geHEkw/WGPdaHQMRq5HuNY9snliNzU/y2OW8ycnhGXw=\""},{"Name":"Last-Modified","Value":"Fri, 11 Jul 2025 17:02:46 GMT"}],"EndpointProperties":[{"Name":"fingerprint","Value":"x0q3zqp4vz"},{"Name":"integrity","Value":"sha256-geHEkw/WGPdaHQMRq5HuNY9snliNzU/y2OW8ycnhGXw="},{"Name":"label","Value":"lib/jquery-validation/LICENSE.md"}]},{"Route":"lib/jquery/LICENSE.mlv21k5csn.txt","AssetFile":"lib/jquery/LICENSE.txt","Selectors":[],"ResponseHeaders":[{"Name":"Accept-Ranges","Value":"bytes"},{"Name":"Cache-Control","Value":"max-age=31536000, immutable"},{"Name":"Content-Length","Value":"1117"},{"Name":"Content-Type","Value":"text/plain"},{"Name":"ETag","Value":"\"hjIBkvmgxQXbNXK3B9YQ3t06RwLuQSQzC/dpvuB/lMk=\""},{"Name":"Last-Modified","Value":"Fri, 11 Jul 2025 17:02:46 GMT"}],"EndpointProperties":[{"Name":"fingerprint","Value":"mlv21k5csn"},{"Name":"integrity","Value":"sha256-hjIBkvmgxQXbNXK3B9YQ3t06RwLuQSQzC/dpvuB/lMk="},{"Name":"label","Value":"lib/jquery/LICENSE.txt"}]},{"Route":"lib/jquery/LICENSE.txt","AssetFile":"lib/jquery/LICENSE.txt","Selectors":[],"ResponseHeaders":[{"Name":"Accept-Ranges","Value":"bytes"},{"Name":"Cache-Control","Value":"no-cache"},{"Name":"Content-Length","Value":"1117"},{"Name":"Content-Type","Value":"text/plain"},{"Name":"ETag","Value":"\"hjIBkvmgxQXbNXK3B9YQ3t06RwLuQSQzC/dpvuB/lMk=\""},{"Name":"Last-Modified","Value":"Fri, 11 Jul 2025 17:02:46 GMT"}],"EndpointProperties":[{"Name":"integrity","Value":"sha256-hjIBkvmgxQXbNXK3B9YQ3t06RwLuQSQzC/dpvuB/lMk="}]},{"Route":"privacy.html","AssetFile":"privacy.html","Selectors":[],"ResponseHeaders":[{"Name":"Accept-Ranges","Value":"bytes"},{"Name":"Cache-Control","Value":"no-cache"},{"Name":"Content-Length","Value":"3030"},{"Name":"Content-Type","Value":"text/html"},{"Name":"ETag","Value":"\"RvGZIqiRhAwP5v9rB+0wC/Wytn1OsibZMUruvdbWQwE=\""},{"Name":"Last-Modified","Value":"Fri, 11 Jul 2025 17:02:46 GMT"}],"EndpointProperties":[{"Name":"integrity","Value":"sha256-RvGZIqiRhAwP5v9rB+0wC/Wytn1OsibZMUruvdbWQwE="}]},{"Route":"privacy.yx028qhvxj.html","AssetFile":"privacy.html","Selectors":[],"ResponseHeaders":[{"Name":"Accept-Ranges","Value":"bytes"},{"Name":"Cache-Control","Value":"max-age=31536000, immutable"},{"Name":"Content-Length","Value":"3030"},{"Name":"Content-Type","Value":"text/html"},{"Name":"ETag","Value":"\"RvGZIqiRhAwP5v9rB+0wC/Wytn1OsibZMUruvdbWQwE=\""},{"Name":"Last-Modified","Value":"Fri, 11 Jul 2025 17:02:46 GMT"}],"EndpointProperties":[{"Name":"fingerprint","Value":"yx028qhvxj"},{"Name":"integrity","Value":"sha256-RvGZIqiRhAwP5v9rB+0wC/Wytn1OsibZMUruvdbWQwE="},{"Name":"label","Value":"privacy.html"}]},{"Route":"terms.html","AssetFile":"terms.html","Selectors":[],"ResponseHeaders":[{"Name":"Accept-Ranges","Value":"bytes"},{"Name":"Cache-Control","Value":"no-cache"},{"Name":"Content-Length","Value":"2538"},{"Name":"Content-Type","Value":"text/html"},{"Name":"ETag","Value":"\"HBQX6KyhIU5zc0p0DSTauVwtk0CynI4KpYbg+khDVuI=\""},{"Name":"Last-Modified","Value":"Fri, 11 Jul 2025 17:02:46 GMT"}],"EndpointProperties":[{"Name":"integrity","Value":"sha256-HBQX6KyhIU5zc0p0DSTauVwtk0CynI4KpYbg+khDVuI="}]},{"Route":"terms.sslf8sk74o.html","AssetFile":"terms.html","Selectors":[],"ResponseHeaders":[{"Name":"Accept-Ranges","Value":"bytes"},{"Name":"Cache-Control","Value":"max-age=31536000, immutable"},{"Name":"Content-Length","Value":"2538"},{"Name":"Content-Type","Value":"text/html"},{"Name":"ETag","Value":"\"HBQX6KyhIU5zc0p0DSTauVwtk0CynI4KpYbg+khDVuI=\""},{"Name":"Last-Modified","Value":"Fri, 11 Jul 2025 17:02:46 GMT"}],"EndpointProperties":[{"Name":"fingerprint","Value":"sslf8sk74o"},{"Name":"integrity","Value":"sha256-HBQX6KyhIU5zc0p0DSTauVwtk0CynI4KpYbg+khDVuI="},{"Name":"label","Value":"terms.html"}]}]}